#x,rho,rhovx,energy
#system.get('generic').base('length'),((system.get('generic').base('length')**-3) * system.get('generic').base('mass')),(system.get('generic').base('length') * (system.get('generic').base('time')**-1.0)),(((system.get('generic').base('length')**-1) * (system.get('generic').base('time')**-2)) * system.get('generic').base('mass'))
#length,length**-3 * mass,length * time**-1.0,length**-1 * time**-2 * mass
0.0,4.0,0.0,1.0
0.001001001001,4.0,0.0,1.0
0.002002002002,4.0,0.0,1.0
0.003003003003,4.0,0.0,1.0
0.004004004004,4.0,0.0,1.0
0.00500500500501,4.0,0.0,1.0
0.00600600600601,4.0,0.0,1.0
0.00700700700701,4.0,0.0,1.0
0.00800800800801,4.0,0.0,1.0
0.00900900900901,4.0,0.0,1.0
0.01001001001,4.0,0.0,1.0
0.011011011011,4.0,0.0,1.0
0.012012012012,4.0,0.0,1.0
0.013013013013,4.0,0.0,1.0
0.014014014014,4.0,0.0,1.0
0.015015015015,4.0,0.0,1.0
0.016016016016,4.0,0.0,1.0
0.017017017017,4.0,0.0,1.0
0.018018018018,4.0,0.0,1.0
0.019019019019,4.0,0.0,1.0
0.02002002002,4.0,0.0,1.0
0.021021021021,4.0,0.0,1.0
0.022022022022,4.0,0.0,1.0
0.023023023023,4.0,0.0,1.0
0.024024024024,4.0,0.0,1.0
0.025025025025,4.0,0.0,1.0
0.026026026026,4.0,0.0,1.0
0.027027027027,4.0,0.0,1.0
0.028028028028,4.0,0.0,1.0
0.029029029029,4.0,0.0,1.0
0.03003003003,4.0,0.0,1.0
0.031031031031,4.0,0.0,1.0
0.032032032032,4.0,0.0,1.0
0.033033033033,4.0,0.0,1.0
0.034034034034,4.0,0.0,1.0
0.035035035035,4.0,0.0,1.0
0.036036036036,4.0,0.0,1.0
0.037037037037,4.0,0.0,1.0
0.038038038038,4.0,0.0,1.0
0.039039039039,4.0,0.0,1.0
0.04004004004,4.0,0.0,1.0
0.041041041041,4.0,0.0,1.0
0.042042042042,4.0,0.0,1.0
0.043043043043,4.0,0.0,1.0
0.044044044044,4.0,0.0,1.0
0.045045045045,4.0,0.0,1.0
0.046046046046,4.0,0.0,1.0
0.047047047047,4.0,0.0,1.0
0.048048048048,4.0,0.0,1.0
0.049049049049,4.0,0.0,1.0
0.0500500500501,4.0,0.0,1.0
0.0510510510511,4.0,0.0,1.0
0.0520520520521,4.0,0.0,1.0
0.0530530530531,4.0,0.0,1.0
0.0540540540541,4.0,0.0,1.0
0.0550550550551,4.0,0.0,1.0
0.0560560560561,4.0,0.0,1.0
0.0570570570571,4.0,0.0,1.0
0.0580580580581,4.0,0.0,1.0
0.0590590590591,4.0,0.0,1.0
0.0600600600601,4.0,0.0,1.0
0.0610610610611,4.0,0.0,1.0
0.0620620620621,4.0,0.0,1.0
0.0630630630631,4.0,0.0,1.0
0.0640640640641,4.0,0.0,1.0
0.0650650650651,4.0,0.0,1.0
0.0660660660661,4.0,0.0,1.0
0.0670670670671,4.0,0.0,1.0
0.0680680680681,4.0,0.0,1.0
0.0690690690691,4.0,0.0,1.0
0.0700700700701,4.0,0.0,1.0
0.0710710710711,4.0,0.0,1.0
0.0720720720721,4.0,0.0,1.0
0.0730730730731,4.0,0.0,1.0
0.0740740740741,4.0,0.0,1.0
0.0750750750751,4.0,0.0,1.0
0.0760760760761,4.0,0.0,1.0
0.0770770770771,4.0,0.0,1.0
0.0780780780781,4.0,0.0,1.0
0.0790790790791,4.0,0.0,1.0
0.0800800800801,4.0,0.0,1.0
0.0810810810811,4.0,0.0,1.0
0.0820820820821,4.0,0.0,1.0
0.0830830830831,4.0,0.0,1.0
0.0840840840841,4.0,0.0,1.0
0.0850850850851,4.0,0.0,1.0
0.0860860860861,4.0,0.0,1.0
0.0870870870871,4.0,0.0,1.0
0.0880880880881,4.0,0.0,1.0
0.0890890890891,4.0,0.0,1.0
0.0900900900901,4.0,0.0,1.0
0.0910910910911,4.0,0.0,1.0
0.0920920920921,4.0,0.0,1.0
0.0930930930931,4.0,0.0,1.0
0.0940940940941,4.0,0.0,1.0
0.0950950950951,4.0,0.0,1.0
0.0960960960961,4.0,0.0,1.0
0.0970970970971,4.0,0.0,1.0
0.0980980980981,4.0,0.0,1.0
0.0990990990991,4.0,0.0,1.0
0.1001001001,4.0,0.0,1.0
0.101101101101,4.0,0.0,1.0
0.102102102102,4.0,0.0,1.0
0.103103103103,4.0,0.0,1.0
0.104104104104,4.0,0.0,1.0
0.105105105105,4.0,0.0,1.0
0.106106106106,4.0,0.0,1.0
0.107107107107,4.0,0.0,1.0
0.108108108108,4.0,0.0,1.0
0.109109109109,4.0,0.0,1.0
0.11011011011,4.0,0.0,1.0
0.111111111111,4.0,0.0,1.0
0.112112112112,4.0,0.0,1.0
0.113113113113,4.0,0.0,1.0
0.114114114114,4.0,0.0,1.0
0.115115115115,4.0,0.0,1.0
0.116116116116,4.0,0.0,1.0
0.117117117117,4.0,0.0,1.0
0.118118118118,4.0,0.0,1.0
0.119119119119,4.0,0.0,1.0
0.12012012012,4.0,0.0,1.0
0.121121121121,4.0,0.0,1.0
0.122122122122,4.0,0.0,1.0
0.123123123123,4.0,0.0,1.0
0.124124124124,4.0,0.0,1.0
0.125125125125,4.0,0.0,1.0
0.126126126126,4.0,0.0,1.0
0.127127127127,4.0,0.0,1.0
0.128128128128,4.0,0.0,1.0
0.129129129129,4.0,0.0,1.0
0.13013013013,4.0,0.0,1.0
0.131131131131,4.0,0.0,1.0
0.132132132132,4.0,0.0,1.0
0.133133133133,4.0,0.0,1.0
0.134134134134,4.0,0.0,1.0
0.135135135135,4.0,0.0,1.0
0.136136136136,4.0,0.0,1.0
0.137137137137,4.0,0.0,1.0
0.138138138138,4.0,0.0,1.0
0.139139139139,4.0,0.0,1.0
0.14014014014,4.0,0.0,1.0
0.141141141141,4.0,0.0,1.0
0.142142142142,4.0,0.0,1.0
0.143143143143,4.0,0.0,1.0
0.144144144144,4.0,0.0,1.0
0.145145145145,4.0,0.0,1.0
0.146146146146,4.0,0.0,1.0
0.147147147147,4.0,0.0,1.0
0.148148148148,4.0,0.0,1.0
0.149149149149,4.0,0.0,1.0
0.15015015015,4.0,0.0,1.0
0.151151151151,4.0,0.0,1.0
0.152152152152,4.0,0.0,1.0
0.153153153153,4.0,0.0,1.0
0.154154154154,4.0,0.0,1.0
0.155155155155,4.0,0.0,1.0
0.156156156156,4.0,0.0,1.0
0.157157157157,4.0,0.0,1.0
0.158158158158,4.0,0.0,1.0
0.159159159159,4.0,0.0,1.0
0.16016016016,4.0,0.0,1.0
0.161161161161,4.0,0.0,1.0
0.162162162162,4.0,0.0,1.0
0.163163163163,4.0,0.0,1.0
0.164164164164,4.0,0.0,1.0
0.165165165165,4.0,0.0,1.0
0.166166166166,4.0,0.0,1.0
0.167167167167,4.0,0.0,1.0
0.168168168168,4.0,0.0,1.0
0.169169169169,4.0,0.0,1.0
0.17017017017,4.0,0.0,1.0
0.171171171171,4.0,0.0,1.0
0.172172172172,4.0,0.0,1.0
0.173173173173,4.0,0.0,1.0
0.174174174174,4.0,0.0,1.0
0.175175175175,4.0,0.0,1.0
0.176176176176,4.0,0.0,1.0
0.177177177177,4.0,0.0,1.0
0.178178178178,4.0,0.0,1.0
0.179179179179,4.0,0.0,1.0
0.18018018018,4.0,0.0,1.0
0.181181181181,4.0,0.0,1.0
0.182182182182,4.0,0.0,1.0
0.183183183183,4.0,0.0,1.0
0.184184184184,4.0,0.0,1.0
0.185185185185,4.0,0.0,1.0
0.186186186186,4.0,0.0,1.0
0.187187187187,4.0,0.0,1.0
0.188188188188,4.0,0.0,1.0
0.189189189189,4.0,0.0,1.0
0.19019019019,4.0,0.0,1.0
0.191191191191,4.0,0.0,1.0
0.192192192192,4.0,0.0,1.0
0.193193193193,4.0,0.0,1.0
0.194194194194,4.0,0.0,1.0
0.195195195195,4.0,0.0,1.0
0.196196196196,4.0,0.0,1.0
0.197197197197,4.0,0.0,1.0
0.198198198198,4.0,0.0,1.0
0.199199199199,4.0,0.0,1.0
0.2002002002,4.0,0.0,1.0
0.201201201201,4.0,0.0,1.0
0.202202202202,4.0,0.0,1.0
0.203203203203,4.0,0.0,1.0
0.204204204204,4.0,0.0,1.0
0.205205205205,4.0,0.0,1.0
0.206206206206,4.0,0.0,1.0
0.207207207207,4.0,0.0,1.0
0.208208208208,4.0,0.0,1.0
0.209209209209,4.0,0.0,1.0
0.21021021021,4.0,0.0,1.0
0.211211211211,4.0,0.0,1.0
0.212212212212,4.0,0.0,1.0
0.213213213213,4.0,0.0,1.0
0.214214214214,4.0,0.0,1.0
0.215215215215,4.0,0.0,1.0
0.216216216216,4.0,0.0,1.0
0.217217217217,4.0,0.0,1.0
0.218218218218,4.0,0.0,1.0
0.219219219219,4.0,0.0,1.0
0.22022022022,4.0,0.0,1.0
0.221221221221,4.0,0.0,1.0
0.222222222222,4.0,0.0,1.0
0.223223223223,4.0,0.0,1.0
0.224224224224,4.0,0.0,1.0
0.225225225225,4.0,0.0,1.0
0.226226226226,4.0,0.0,1.0
0.227227227227,4.0,0.0,1.0
0.228228228228,4.0,0.0,1.0
0.229229229229,4.0,0.0,1.0
0.23023023023,4.0,0.0,1.0
0.231231231231,4.0,0.0,1.0
0.232232232232,4.0,0.0,1.0
0.233233233233,4.0,0.0,1.0
0.234234234234,4.0,0.0,1.0
0.235235235235,4.0,0.0,1.0
0.236236236236,4.0,0.0,1.0
0.237237237237,4.0,0.0,1.0
0.238238238238,4.0,0.0,1.0
0.239239239239,4.0,0.0,1.0
0.24024024024,4.0,0.0,1.0
0.241241241241,4.0,0.0,1.0
0.242242242242,4.0,0.0,1.0
0.243243243243,4.0,0.0,1.0
0.244244244244,4.0,0.0,1.0
0.245245245245,4.0,0.0,1.0
0.246246246246,4.0,0.0,1.0
0.247247247247,4.0,0.0,1.0
0.248248248248,4.0,0.0,1.0
0.249249249249,4.0,0.0,1.0
0.25025025025,4.0,0.0,1.0
0.251251251251,4.0,0.0,1.0
0.252252252252,4.0,0.0,1.0
0.253253253253,4.0,0.0,1.0
0.254254254254,4.0,0.0,1.0
0.255255255255,4.0,0.0,1.0
0.256256256256,4.0,0.0,1.0
0.257257257257,4.0,0.0,1.0
0.258258258258,4.0,0.0,1.0
0.259259259259,4.0,0.0,1.0
0.26026026026,4.0,0.0,1.0
0.261261261261,4.0,0.0,1.0
0.262262262262,4.0,0.0,1.0
0.263263263263,4.0,0.0,1.0
0.264264264264,4.0,0.0,1.0
0.265265265265,4.0,0.0,1.0
0.266266266266,4.0,0.0,1.0
0.267267267267,4.0,0.0,1.0
0.268268268268,4.0,0.0,1.0
0.269269269269,4.0,0.0,1.0
0.27027027027,4.0,0.0,1.0
0.271271271271,4.0,0.0,1.0
0.272272272272,4.0,0.0,1.0
0.273273273273,4.0,0.0,1.0
0.274274274274,4.0,0.0,1.0
0.275275275275,4.0,0.0,1.0
0.276276276276,4.0,0.0,1.0
0.277277277277,4.0,0.0,1.0
0.278278278278,4.0,0.0,1.0
0.279279279279,4.0,0.0,1.0
0.28028028028,4.0,0.0,1.0
0.281281281281,4.0,0.0,1.0
0.282282282282,4.0,0.0,1.0
0.283283283283,4.0,0.0,1.0
0.284284284284,4.0,0.0,1.0
0.285285285285,4.0,0.0,1.0
0.286286286286,4.0,0.0,1.0
0.287287287287,4.0,0.0,1.0
0.288288288288,4.0,0.0,1.0
0.289289289289,4.0,0.0,1.0
0.29029029029,4.0,0.0,1.0
0.291291291291,4.0,0.0,1.0
0.292292292292,4.0,0.0,1.0
0.293293293293,4.0,0.0,1.0
0.294294294294,4.0,0.0,1.0
0.295295295295,4.0,0.0,1.0
0.296296296296,4.0,0.0,1.0
0.297297297297,4.0,0.0,1.0
0.298298298298,4.0,0.0,1.0
0.299299299299,4.0,0.0,1.0
0.3003003003,4.0,0.0,1.0
0.301301301301,4.0,0.0,1.0
0.302302302302,4.0,0.0,1.0
0.303303303303,4.0,0.0,1.0
0.304304304304,4.0,0.0,1.0
0.305305305305,4.0,0.0,1.0
0.306306306306,4.0,0.0,1.0
0.307307307307,4.0,0.0,1.0
0.308308308308,4.0,0.0,1.0
0.309309309309,4.0,0.0,1.0
0.31031031031,4.0,0.0,1.0
0.311311311311,4.0,0.0,1.0
0.312312312312,4.0,0.0,1.0
0.313313313313,4.0,0.0,1.0
0.314314314314,4.0,0.0,1.0
0.315315315315,4.0,0.0,1.0
0.316316316316,4.0,0.0,1.0
0.317317317317,4.0,0.0,1.0
0.318318318318,4.0,0.0,1.0
0.319319319319,4.0,0.0,1.0
0.32032032032,4.0,0.0,1.0
0.321321321321,4.0,0.0,1.0
0.322322322322,4.0,0.0,1.0
0.323323323323,4.0,0.0,1.0
0.324324324324,4.0,0.0,1.0
0.325325325325,4.0,0.0,1.0
0.326326326326,4.0,0.0,1.0
0.327327327327,4.0,0.0,1.0
0.328328328328,4.0,0.0,1.0
0.329329329329,4.0,0.0,1.0
0.33033033033,4.0,0.0,1.0
0.331331331331,4.0,0.0,1.0
0.332332332332,4.0,0.0,1.0
0.333333333333,4.0,0.0,1.0
0.334334334334,4.0,0.0,1.0
0.335335335335,4.0,0.0,1.0
0.336336336336,4.0,0.0,1.0
0.337337337337,4.0,0.0,1.0
0.338338338338,4.0,0.0,1.0
0.339339339339,4.0,0.0,1.0
0.34034034034,4.0,0.0,1.0
0.341341341341,4.0,0.0,1.0
0.342342342342,4.0,0.0,1.0
0.343343343343,4.0,0.0,1.0
0.344344344344,4.0,0.0,1.0
0.345345345345,4.0,0.0,1.0
0.346346346346,4.0,0.0,1.0
0.347347347347,4.0,0.0,1.0
0.348348348348,4.0,0.0,1.0
0.349349349349,4.0,0.0,1.0
0.35035035035,4.0,0.0,1.0
0.351351351351,4.0,0.0,1.0
0.352352352352,4.0,0.0,1.0
0.353353353353,4.0,0.0,1.0
0.354354354354,4.0,0.0,1.0
0.355355355355,4.0,0.0,1.0
0.356356356356,4.0,0.0,1.0
0.357357357357,4.0,0.0,1.0
0.358358358358,4.0,0.0,1.0
0.359359359359,4.0,0.0,1.0
0.36036036036,4.0,0.0,1.0
0.361361361361,4.0,0.0,1.0
0.362362362362,4.0,0.0,1.0
0.363363363363,4.0,0.0,1.0
0.364364364364,4.0,0.0,1.0
0.365365365365,4.0,0.0,1.0
0.366366366366,4.0,0.0,1.0
0.367367367367,4.0,0.0,1.0
0.368368368368,4.0,0.0,1.0
0.369369369369,4.0,0.0,1.0
0.37037037037,4.0,0.0,1.0
0.371371371371,4.0,0.0,1.0
0.372372372372,4.0,0.0,1.0
0.373373373373,4.0,0.0,1.0
0.374374374374,4.0,0.0,1.0
0.375375375375,4.0,0.0,1.0
0.376376376376,4.0,0.0,1.0
0.377377377377,4.0,0.0,1.0
0.378378378378,4.0,0.0,1.0
0.379379379379,4.0,0.0,1.0
0.38038038038,4.0,0.0,1.0
0.381381381381,4.0,0.0,1.0
0.382382382382,4.0,0.0,1.0
0.383383383383,4.0,0.0,1.0
0.384384384384,4.0,0.0,1.0
0.385385385385,4.0,0.0,1.0
0.386386386386,4.0,0.0,1.0
0.387387387387,4.0,0.0,1.0
0.388388388388,4.0,0.0,1.0
0.389389389389,4.0,0.0,1.0
0.39039039039,4.0,0.0,1.0
0.391391391391,4.0,0.0,1.0
0.392392392392,4.0,0.0,1.0
0.393393393393,4.0,0.0,1.0
0.394394394394,4.0,0.0,1.0
0.395395395395,4.0,0.0,1.0
0.396396396396,4.0,0.0,1.0
0.397397397397,4.0,0.0,1.0
0.398398398398,4.0,0.0,1.0
0.399399399399,4.0,0.0,1.0
0.4004004004,4.0,0.0,1.0
0.401401401401,4.0,0.0,1.0
0.402402402402,4.0,0.0,1.0
0.403403403403,4.0,0.0,1.0
0.404404404404,4.0,0.0,1.0
0.405405405405,4.0,0.0,1.0
0.406406406406,4.0,0.0,1.0
0.407407407407,4.0,0.0,1.0
0.408408408408,4.0,0.0,1.0
0.409409409409,4.0,0.0,1.0
0.41041041041,4.0,0.0,1.0
0.411411411411,4.0,0.0,1.0
0.412412412412,4.0,0.0,1.0
0.413413413413,4.0,0.0,1.0
0.414414414414,4.0,0.0,1.0
0.415415415415,4.0,0.0,1.0
0.416416416416,4.0,0.0,1.0
0.417417417417,4.0,0.0,1.0
0.418418418418,4.0,0.0,1.0
0.419419419419,4.0,0.0,1.0
0.42042042042,4.0,0.0,1.0
0.421421421421,4.0,0.0,1.0
0.422422422422,4.0,0.0,1.0
0.423423423423,3.96589544636,0.00551931467232,0.985830193819
0.424424424424,3.92747228146,0.0117755709286,0.969963135753
0.425425425425,3.88929809403,0.0180318271848,0.954301044344
0.426426426426,3.8513720748,0.0242880834411,0.938841927367
0.427427427427,3.81369341446,0.0305443396973,0.923583805548
0.428428428428,3.77626130371,0.0368005959536,0.908524712524
0.429429429429,3.73907493327,0.0430568522099,0.893662694796
0.43043043043,3.70213349382,0.0493131084661,0.878995811691
0.431431431431,3.66543617608,0.0555693647224,0.864522135319
0.432432432432,3.62898217075,0.0618256209786,0.850239750529
0.433433433433,3.59277066852,0.0680818772349,0.836146754868
0.434434434434,3.55680086011,0.0743381334911,0.82224125854
0.435435435435,3.52107193622,0.0805943897474,0.80852138436
0.436436436436,3.48558308755,0.0868506460037,0.794985267718
0.437437437437,3.45033350479,0.0931069022599,0.781631056529
0.438438438438,3.41532237867,0.0993631585162,0.768456911196
0.439439439439,3.38054889987,0.105619414772,0.755461004568
0.44044044044,3.3460122591,0.111875671029,0.742641521895
0.441441441441,3.31171164707,0.118131927285,0.729996660786
0.442442442442,3.27764625448,0.124388183541,0.71752463117
0.443443443443,3.24381527202,0.130644439797,0.70522365525
0.444444444444,3.21021789041,0.136900696054,0.693091967463
0.445445445445,3.17685330035,0.14315695231,0.681127814437
0.446446446446,3.14372069253,0.149413208566,0.669329454949
0.447447447447,3.11081925767,0.155669464822,0.657695159881
0.448448448448,3.07814818646,0.161925721079,0.646223212182
0.449449449449,3.04570666961,0.168181977335,0.634911906821
0.45045045045,3.01349389782,0.174438233591,0.623759550749
0.451451451451,2.9815090618,0.180694489847,0.612764462852
0.452452452452,2.94975135225,0.186950746104,0.601924973913
0.453453453453,2.91821995986,0.19320700236,0.591239426569
0.454454454454,2.88691407535,0.199463258616,0.580706175267
0.455455455455,2.85583288942,0.205719514873,0.570323586221
0.456456456456,2.82497559276,0.211975771129,0.560090037375
0.457457457457,2.79434137609,0.218232027385,0.550003918355
0.458458458458,2.7639294301,0.224488283641,0.54006363043
0.459459459459,2.7337389455,0.230744539898,0.530267586467
0.46046046046,2.70376911299,0.237000796154,0.520614210892
0.461461461461,2.67401912328,0.24325705241,0.511101939647
0.462462462462,2.64448816707,0.249513308666,0.501729220147
0.463463463463,2.61517543505,0.255769564923,0.492494511235
0.464464464464,2.58608011794,0.262025821179,0.483396283146
0.465465465465,2.55720140644,0.268282077435,0.47443301746
0.466466466466,2.52853849124,0.274538333691,0.46560320706
0.467467467467,2.50009056306,0.280794589948,0.456905356094
0.468468468468,2.47185681259,0.287050846204,0.448337979927
0.469469469469,2.44383643054,0.29330710246,0.439899605102
0.47047047047,2.41602860762,0.299563358716,0.431588769297
0.471471471471,2.38843253451,0.305819614973,0.423404021284
0.472472472472,2.38277844539,0.307107382386,0.421734813218
0.473473473473,2.38277844539,0.307107382386,0.421734813218
0.474474474474,2.38277844539,0.307107382386,0.421734813218
0.475475475475,2.38277844539,0.307107382386,0.421734813218
0.476476476476,2.38277844539,0.307107382386,0.421734813218
0.477477477477,2.38277844539,0.307107382386,0.421734813218
0.478478478478,2.38277844539,0.307107382386,0.421734813218
0.479479479479,2.38277844539,0.307107382386,0.421734813218
0.48048048048,2.38277844539,0.307107382386,0.421734813218
0.481481481481,2.38277844539,0.307107382386,0.421734813218
0.482482482482,2.38277844539,0.307107382386,0.421734813218
0.483483483483,2.38277844539,0.307107382386,0.421734813218
0.484484484484,2.38277844539,0.307107382386,0.421734813218
0.485485485485,2.38277844539,0.307107382386,0.421734813218
0.486486486486,2.38277844539,0.307107382386,0.421734813218
0.487487487487,2.38277844539,0.307107382386,0.421734813218
0.488488488488,2.38277844539,0.307107382386,0.421734813218
0.489489489489,2.38277844539,0.307107382386,0.421734813218
0.49049049049,2.38277844539,0.307107382386,0.421734813218
0.491491491491,2.38277844539,0.307107382386,0.421734813218
0.492492492492,2.38277844539,0.307107382386,0.421734813218
0.493493493493,2.38277844539,0.307107382386,0.421734813218
0.494494494494,2.38277844539,0.307107382386,0.421734813218
0.495495495495,2.38277844539,0.307107382386,0.421734813218
0.496496496496,2.38277844539,0.307107382386,0.421734813218
0.497497497497,2.38277844539,0.307107382386,0.421734813218
0.498498498498,2.38277844539,0.307107382386,0.421734813218
0.499499499499,2.38277844539,0.307107382386,0.421734813218
0.500500500501,2.38277844539,0.307107382386,0.421734813218
0.501501501502,2.38277844539,0.307107382386,0.421734813218
0.502502502503,2.38277844539,0.307107382386,0.421734813218
0.503503503504,2.38277844539,0.307107382386,0.421734813218
0.504504504505,2.38277844539,0.307107382386,0.421734813218
0.505505505506,2.38277844539,0.307107382386,0.421734813218
0.506506506507,2.38277844539,0.307107382386,0.421734813218
0.507507507508,2.38277844539,0.307107382386,0.421734813218
0.508508508509,2.38277844539,0.307107382386,0.421734813218
0.50950950951,2.38277844539,0.307107382386,0.421734813218
0.510510510511,2.38277844539,0.307107382386,0.421734813218
0.511511511512,2.38277844539,0.307107382386,0.421734813218
0.512512512513,2.38277844539,0.307107382386,0.421734813218
0.513513513514,2.38277844539,0.307107382386,0.421734813218
0.514514514515,2.38277844539,0.307107382386,0.421734813218
0.515515515516,2.38277844539,0.307107382386,0.421734813218
0.516516516517,2.38277844539,0.307107382386,0.421734813218
0.517517517518,2.38277844539,0.307107382386,0.421734813218
0.518518518519,2.38277844539,0.307107382386,0.421734813218
0.51951951952,2.38277844539,0.307107382386,0.421734813218
0.520520520521,2.38277844539,0.307107382386,0.421734813218
0.521521521522,2.38277844539,0.307107382386,0.421734813218
0.522522522523,2.38277844539,0.307107382386,0.421734813218
0.523523523524,2.38277844539,0.307107382386,0.421734813218
0.524524524525,2.38277844539,0.307107382386,0.421734813218
0.525525525526,2.38277844539,0.307107382386,0.421734813218
0.526526526527,2.38277844539,0.307107382386,0.421734813218
0.527527527528,2.38277844539,0.307107382386,0.421734813218
0.528528528529,2.38277844539,0.307107382386,0.421734813218
0.52952952953,2.38277844539,0.307107382386,0.421734813218
0.530530530531,2.38277844539,0.307107382386,0.421734813218
0.531531531532,2.38277844539,0.307107382386,0.421734813218
0.532532532533,2.38277844539,0.307107382386,0.421734813218
0.533533533534,2.38277844539,0.307107382386,0.421734813218
0.534534534535,2.38277844539,0.307107382386,0.421734813218
0.535535535536,2.38277844539,0.307107382386,0.421734813218
0.536536536537,2.38277844539,0.307107382386,0.421734813218
0.537537537538,1.63760835523,0.307107382386,0.421734813218
0.538538538539,1.63760835523,0.307107382386,0.421734813218
0.53953953954,1.63760835523,0.307107382386,0.421734813218
0.540540540541,1.63760835523,0.307107382386,0.421734813218
0.541541541542,1.63760835523,0.307107382386,0.421734813218
0.542542542543,1.63760835523,0.307107382386,0.421734813218
0.543543543544,1.63760835523,0.307107382386,0.421734813218
0.544544544545,1.63760835523,0.307107382386,0.421734813218
0.545545545546,1.63760835523,0.307107382386,0.421734813218
0.546546546547,1.63760835523,0.307107382386,0.421734813218
0.547547547548,1.63760835523,0.307107382386,0.421734813218
0.548548548549,1.63760835523,0.307107382386,0.421734813218
0.54954954955,1.63760835523,0.307107382386,0.421734813218
0.550550550551,1.63760835523,0.307107382386,0.421734813218
0.551551551552,1.63760835523,0.307107382386,0.421734813218
0.552552552553,1.63760835523,0.307107382386,0.421734813218
0.553553553554,1.63760835523,0.307107382386,0.421734813218
0.554554554555,1.63760835523,0.307107382386,0.421734813218
0.555555555556,1.63760835523,0.307107382386,0.421734813218
0.556556556557,1.63760835523,0.307107382386,0.421734813218
0.557557557558,1.63760835523,0.307107382386,0.421734813218
0.558558558559,1.63760835523,0.307107382386,0.421734813218
0.55955955956,1.63760835523,0.307107382386,0.421734813218
0.560560560561,1.63760835523,0.307107382386,0.421734813218
0.561561561562,1.63760835523,0.307107382386,0.421734813218
0.562562562563,1.63760835523,0.307107382386,0.421734813218
0.563563563564,1.63760835523,0.307107382386,0.421734813218
0.564564564565,1.63760835523,0.307107382386,0.421734813218
0.565565565566,1.63760835523,0.307107382386,0.421734813218
0.566566566567,1.63760835523,0.307107382386,0.421734813218
0.567567567568,1.63760835523,0.307107382386,0.421734813218
0.568568568569,1.63760835523,0.307107382386,0.421734813218
0.56956956957,1.63760835523,0.307107382386,0.421734813218
0.570570570571,1.63760835523,0.307107382386,0.421734813218
0.571571571572,1.63760835523,0.307107382386,0.421734813218
0.572572572573,1.63760835523,0.307107382386,0.421734813218
0.573573573574,1.63760835523,0.307107382386,0.421734813218
0.574574574575,1.63760835523,0.307107382386,0.421734813218
0.575575575576,1.63760835523,0.307107382386,0.421734813218
0.576576576577,1.63760835523,0.307107382386,0.421734813218
0.577577577578,1.63760835523,0.307107382386,0.421734813218
0.578578578579,1.63760835523,0.307107382386,0.421734813218
0.57957957958,1.63760835523,0.307107382386,0.421734813218
0.580580580581,1.63760835523,0.307107382386,0.421734813218
0.581581581582,1.63760835523,0.307107382386,0.421734813218
0.582582582583,1.63760835523,0.307107382386,0.421734813218
0.583583583584,1.63760835523,0.307107382386,0.421734813218
0.584584584585,1.63760835523,0.307107382386,0.421734813218
0.585585585586,1.63760835523,0.307107382386,0.421734813218
0.586586586587,1.63760835523,0.307107382386,0.421734813218
0.587587587588,1.63760835523,0.307107382386,0.421734813218
0.588588588589,1.63760835523,0.307107382386,0.421734813218
0.58958958959,1.63760835523,0.307107382386,0.421734813218
0.590590590591,1.63760835523,0.307107382386,0.421734813218
0.591591591592,1.63760835523,0.307107382386,0.421734813218
0.592592592593,1.63760835523,0.307107382386,0.421734813218
0.593593593594,1.63760835523,0.307107382386,0.421734813218
0.594594594595,1.63760835523,0.307107382386,0.421734813218
0.595595595596,1.0,0.0,0.1795
0.596596596597,1.0,0.0,0.1795
0.597597597598,1.0,0.0,0.1795
0.598598598599,1.0,0.0,0.1795
0.5995995996,1.0,0.0,0.1795
0.600600600601,1.0,0.0,0.1795
0.601601601602,1.0,0.0,0.1795
0.602602602603,1.0,0.0,0.1795
0.603603603604,1.0,0.0,0.1795
0.604604604605,1.0,0.0,0.1795
0.605605605606,1.0,0.0,0.1795
0.606606606607,1.0,0.0,0.1795
0.607607607608,1.0,0.0,0.1795
0.608608608609,1.0,0.0,0.1795
0.60960960961,1.0,0.0,0.1795
0.610610610611,1.0,0.0,0.1795
0.611611611612,1.0,0.0,0.1795
0.612612612613,1.0,0.0,0.1795
0.613613613614,1.0,0.0,0.1795
0.614614614615,1.0,0.0,0.1795
0.615615615616,1.0,0.0,0.1795
0.616616616617,1.0,0.0,0.1795
0.617617617618,1.0,0.0,0.1795
0.618618618619,1.0,0.0,0.1795
0.61961961962,1.0,0.0,0.1795
0.620620620621,1.0,0.0,0.1795
0.621621621622,1.0,0.0,0.1795
0.622622622623,1.0,0.0,0.1795
0.623623623624,1.0,0.0,0.1795
0.624624624625,1.0,0.0,0.1795
0.625625625626,1.0,0.0,0.1795
0.626626626627,1.0,0.0,0.1795
0.627627627628,1.0,0.0,0.1795
0.628628628629,1.0,0.0,0.1795
0.62962962963,1.0,0.0,0.1795
0.630630630631,1.0,0.0,0.1795
0.631631631632,1.0,0.0,0.1795
0.632632632633,1.0,0.0,0.1795
0.633633633634,1.0,0.0,0.1795
0.634634634635,1.0,0.0,0.1795
0.635635635636,1.0,0.0,0.1795
0.636636636637,1.0,0.0,0.1795
0.637637637638,1.0,0.0,0.1795
0.638638638639,1.0,0.0,0.1795
0.63963963964,1.0,0.0,0.1795
0.640640640641,1.0,0.0,0.1795
0.641641641642,1.0,0.0,0.1795
0.642642642643,1.0,0.0,0.1795
0.643643643644,1.0,0.0,0.1795
0.644644644645,1.0,0.0,0.1795
0.645645645646,1.0,0.0,0.1795
0.646646646647,1.0,0.0,0.1795
0.647647647648,1.0,0.0,0.1795
0.648648648649,1.0,0.0,0.1795
0.64964964965,1.0,0.0,0.1795
0.650650650651,1.0,0.0,0.1795
0.651651651652,1.0,0.0,0.1795
0.652652652653,1.0,0.0,0.1795
0.653653653654,1.0,0.0,0.1795
0.654654654655,1.0,0.0,0.1795
0.655655655656,1.0,0.0,0.1795
0.656656656657,1.0,0.0,0.1795
0.657657657658,1.0,0.0,0.1795
0.658658658659,1.0,0.0,0.1795
0.65965965966,1.0,0.0,0.1795
0.660660660661,1.0,0.0,0.1795
0.661661661662,1.0,0.0,0.1795
0.662662662663,1.0,0.0,0.1795
0.663663663664,1.0,0.0,0.1795
0.664664664665,1.0,0.0,0.1795
0.665665665666,1.0,0.0,0.1795
0.666666666667,1.0,0.0,0.1795
0.667667667668,1.0,0.0,0.1795
0.668668668669,1.0,0.0,0.1795
0.66966966967,1.0,0.0,0.1795
0.670670670671,1.0,0.0,0.1795
0.671671671672,1.0,0.0,0.1795
0.672672672673,1.0,0.0,0.1795
0.673673673674,1.0,0.0,0.1795
0.674674674675,1.0,0.0,0.1795
0.675675675676,1.0,0.0,0.1795
0.676676676677,1.0,0.0,0.1795
0.677677677678,1.0,0.0,0.1795
0.678678678679,1.0,0.0,0.1795
0.67967967968,1.0,0.0,0.1795
0.680680680681,1.0,0.0,0.1795
0.681681681682,1.0,0.0,0.1795
0.682682682683,1.0,0.0,0.1795
0.683683683684,1.0,0.0,0.1795
0.684684684685,1.0,0.0,0.1795
0.685685685686,1.0,0.0,0.1795
0.686686686687,1.0,0.0,0.1795
0.687687687688,1.0,0.0,0.1795
0.688688688689,1.0,0.0,0.1795
0.68968968969,1.0,0.0,0.1795
0.690690690691,1.0,0.0,0.1795
0.691691691692,1.0,0.0,0.1795
0.692692692693,1.0,0.0,0.1795
0.693693693694,1.0,0.0,0.1795
0.694694694695,1.0,0.0,0.1795
0.695695695696,1.0,0.0,0.1795
0.696696696697,1.0,0.0,0.1795
0.697697697698,1.0,0.0,0.1795
0.698698698699,1.0,0.0,0.1795
0.6996996997,1.0,0.0,0.1795
0.700700700701,1.0,0.0,0.1795
0.701701701702,1.0,0.0,0.1795
0.702702702703,1.0,0.0,0.1795
0.703703703704,1.0,0.0,0.1795
0.704704704705,1.0,0.0,0.1795
0.705705705706,1.0,0.0,0.1795
0.706706706707,1.0,0.0,0.1795
0.707707707708,1.0,0.0,0.1795
0.708708708709,1.0,0.0,0.1795
0.70970970971,1.0,0.0,0.1795
0.710710710711,1.0,0.0,0.1795
0.711711711712,1.0,0.0,0.1795
0.712712712713,1.0,0.0,0.1795
0.713713713714,1.0,0.0,0.1795
0.714714714715,1.0,0.0,0.1795
0.715715715716,1.0,0.0,0.1795
0.716716716717,1.0,0.0,0.1795
0.717717717718,1.0,0.0,0.1795
0.718718718719,1.0,0.0,0.1795
0.71971971972,1.0,0.0,0.1795
0.720720720721,1.0,0.0,0.1795
0.721721721722,1.0,0.0,0.1795
0.722722722723,1.0,0.0,0.1795
0.723723723724,1.0,0.0,0.1795
0.724724724725,1.0,0.0,0.1795
0.725725725726,1.0,0.0,0.1795
0.726726726727,1.0,0.0,0.1795
0.727727727728,1.0,0.0,0.1795
0.728728728729,1.0,0.0,0.1795
0.72972972973,1.0,0.0,0.1795
0.730730730731,1.0,0.0,0.1795
0.731731731732,1.0,0.0,0.1795
0.732732732733,1.0,0.0,0.1795
0.733733733734,1.0,0.0,0.1795
0.734734734735,1.0,0.0,0.1795
0.735735735736,1.0,0.0,0.1795
0.736736736737,1.0,0.0,0.1795
0.737737737738,1.0,0.0,0.1795
0.738738738739,1.0,0.0,0.1795
0.73973973974,1.0,0.0,0.1795
0.740740740741,1.0,0.0,0.1795
0.741741741742,1.0,0.0,0.1795
0.742742742743,1.0,0.0,0.1795
0.743743743744,1.0,0.0,0.1795
0.744744744745,1.0,0.0,0.1795
0.745745745746,1.0,0.0,0.1795
0.746746746747,1.0,0.0,0.1795
0.747747747748,1.0,0.0,0.1795
0.748748748749,1.0,0.0,0.1795
0.74974974975,1.0,0.0,0.1795
0.750750750751,1.0,0.0,0.1795
0.751751751752,1.0,0.0,0.1795
0.752752752753,1.0,0.0,0.1795
0.753753753754,1.0,0.0,0.1795
0.754754754755,1.0,0.0,0.1795
0.755755755756,1.0,0.0,0.1795
0.756756756757,1.0,0.0,0.1795
0.757757757758,1.0,0.0,0.1795
0.758758758759,1.0,0.0,0.1795
0.75975975976,1.0,0.0,0.1795
0.760760760761,1.0,0.0,0.1795
0.761761761762,1.0,0.0,0.1795
0.762762762763,1.0,0.0,0.1795
0.763763763764,1.0,0.0,0.1795
0.764764764765,1.0,0.0,0.1795
0.765765765766,1.0,0.0,0.1795
0.766766766767,1.0,0.0,0.1795
0.767767767768,1.0,0.0,0.1795
0.768768768769,1.0,0.0,0.1795
0.76976976977,1.0,0.0,0.1795
0.770770770771,1.0,0.0,0.1795
0.771771771772,1.0,0.0,0.1795
0.772772772773,1.0,0.0,0.1795
0.773773773774,1.0,0.0,0.1795
0.774774774775,1.0,0.0,0.1795
0.775775775776,1.0,0.0,0.1795
0.776776776777,1.0,0.0,0.1795
0.777777777778,1.0,0.0,0.1795
0.778778778779,1.0,0.0,0.1795
0.77977977978,1.0,0.0,0.1795
0.780780780781,1.0,0.0,0.1795
0.781781781782,1.0,0.0,0.1795
0.782782782783,1.0,0.0,0.1795
0.783783783784,1.0,0.0,0.1795
0.784784784785,1.0,0.0,0.1795
0.785785785786,1.0,0.0,0.1795
0.786786786787,1.0,0.0,0.1795
0.787787787788,1.0,0.0,0.1795
0.788788788789,1.0,0.0,0.1795
0.78978978979,1.0,0.0,0.1795
0.790790790791,1.0,0.0,0.1795
0.791791791792,1.0,0.0,0.1795
0.792792792793,1.0,0.0,0.1795
0.793793793794,1.0,0.0,0.1795
0.794794794795,1.0,0.0,0.1795
0.795795795796,1.0,0.0,0.1795
0.796796796797,1.0,0.0,0.1795
0.797797797798,1.0,0.0,0.1795
0.798798798799,1.0,0.0,0.1795
0.7997997998,1.0,0.0,0.1795
0.800800800801,1.0,0.0,0.1795
0.801801801802,1.0,0.0,0.1795
0.802802802803,1.0,0.0,0.1795
0.803803803804,1.0,0.0,0.1795
0.804804804805,1.0,0.0,0.1795
0.805805805806,1.0,0.0,0.1795
0.806806806807,1.0,0.0,0.1795
0.807807807808,1.0,0.0,0.1795
0.808808808809,1.0,0.0,0.1795
0.80980980981,1.0,0.0,0.1795
0.810810810811,1.0,0.0,0.1795
0.811811811812,1.0,0.0,0.1795
0.812812812813,1.0,0.0,0.1795
0.813813813814,1.0,0.0,0.1795
0.814814814815,1.0,0.0,0.1795
0.815815815816,1.0,0.0,0.1795
0.816816816817,1.0,0.0,0.1795
0.817817817818,1.0,0.0,0.1795
0.818818818819,1.0,0.0,0.1795
0.81981981982,1.0,0.0,0.1795
0.820820820821,1.0,0.0,0.1795
0.821821821822,1.0,0.0,0.1795
0.822822822823,1.0,0.0,0.1795
0.823823823824,1.0,0.0,0.1795
0.824824824825,1.0,0.0,0.1795
0.825825825826,1.0,0.0,0.1795
0.826826826827,1.0,0.0,0.1795
0.827827827828,1.0,0.0,0.1795
0.828828828829,1.0,0.0,0.1795
0.82982982983,1.0,0.0,0.1795
0.830830830831,1.0,0.0,0.1795
0.831831831832,1.0,0.0,0.1795
0.832832832833,1.0,0.0,0.1795
0.833833833834,1.0,0.0,0.1795
0.834834834835,1.0,0.0,0.1795
0.835835835836,1.0,0.0,0.1795
0.836836836837,1.0,0.0,0.1795
0.837837837838,1.0,0.0,0.1795
0.838838838839,1.0,0.0,0.1795
0.83983983984,1.0,0.0,0.1795
0.840840840841,1.0,0.0,0.1795
0.841841841842,1.0,0.0,0.1795
0.842842842843,1.0,0.0,0.1795
0.843843843844,1.0,0.0,0.1795
0.844844844845,1.0,0.0,0.1795
0.845845845846,1.0,0.0,0.1795
0.846846846847,1.0,0.0,0.1795
0.847847847848,1.0,0.0,0.1795
0.848848848849,1.0,0.0,0.1795
0.84984984985,1.0,0.0,0.1795
0.850850850851,1.0,0.0,0.1795
0.851851851852,1.0,0.0,0.1795
0.852852852853,1.0,0.0,0.1795
0.853853853854,1.0,0.0,0.1795
0.854854854855,1.0,0.0,0.1795
0.855855855856,1.0,0.0,0.1795
0.856856856857,1.0,0.0,0.1795
0.857857857858,1.0,0.0,0.1795
0.858858858859,1.0,0.0,0.1795
0.85985985986,1.0,0.0,0.1795
0.860860860861,1.0,0.0,0.1795
0.861861861862,1.0,0.0,0.1795
0.862862862863,1.0,0.0,0.1795
0.863863863864,1.0,0.0,0.1795
0.864864864865,1.0,0.0,0.1795
0.865865865866,1.0,0.0,0.1795
0.866866866867,1.0,0.0,0.1795
0.867867867868,1.0,0.0,0.1795
0.868868868869,1.0,0.0,0.1795
0.86986986987,1.0,0.0,0.1795
0.870870870871,1.0,0.0,0.1795
0.871871871872,1.0,0.0,0.1795
0.872872872873,1.0,0.0,0.1795
0.873873873874,1.0,0.0,0.1795
0.874874874875,1.0,0.0,0.1795
0.875875875876,1.0,0.0,0.1795
0.876876876877,1.0,0.0,0.1795
0.877877877878,1.0,0.0,0.1795
0.878878878879,1.0,0.0,0.1795
0.87987987988,1.0,0.0,0.1795
0.880880880881,1.0,0.0,0.1795
0.881881881882,1.0,0.0,0.1795
0.882882882883,1.0,0.0,0.1795
0.883883883884,1.0,0.0,0.1795
0.884884884885,1.0,0.0,0.1795
0.885885885886,1.0,0.0,0.1795
0.886886886887,1.0,0.0,0.1795
0.887887887888,1.0,0.0,0.1795
0.888888888889,1.0,0.0,0.1795
0.88988988989,1.0,0.0,0.1795
0.890890890891,1.0,0.0,0.1795
0.891891891892,1.0,0.0,0.1795
0.892892892893,1.0,0.0,0.1795
0.893893893894,1.0,0.0,0.1795
0.894894894895,1.0,0.0,0.1795
0.895895895896,1.0,0.0,0.1795
0.896896896897,1.0,0.0,0.1795
0.897897897898,1.0,0.0,0.1795
0.898898898899,1.0,0.0,0.1795
0.8998998999,1.0,0.0,0.1795
0.900900900901,1.0,0.0,0.1795
0.901901901902,1.0,0.0,0.1795
0.902902902903,1.0,0.0,0.1795
0.903903903904,1.0,0.0,0.1795
0.904904904905,1.0,0.0,0.1795
0.905905905906,1.0,0.0,0.1795
0.906906906907,1.0,0.0,0.1795
0.907907907908,1.0,0.0,0.1795
0.908908908909,1.0,0.0,0.1795
0.90990990991,1.0,0.0,0.1795
0.910910910911,1.0,0.0,0.1795
0.911911911912,1.0,0.0,0.1795
0.912912912913,1.0,0.0,0.1795
0.913913913914,1.0,0.0,0.1795
0.914914914915,1.0,0.0,0.1795
0.915915915916,1.0,0.0,0.1795
0.916916916917,1.0,0.0,0.1795
0.917917917918,1.0,0.0,0.1795
0.918918918919,1.0,0.0,0.1795
0.91991991992,1.0,0.0,0.1795
0.920920920921,1.0,0.0,0.1795
0.921921921922,1.0,0.0,0.1795
0.922922922923,1.0,0.0,0.1795
0.923923923924,1.0,0.0,0.1795
0.924924924925,1.0,0.0,0.1795
0.925925925926,1.0,0.0,0.1795
0.926926926927,1.0,0.0,0.1795
0.927927927928,1.0,0.0,0.1795
0.928928928929,1.0,0.0,0.1795
0.92992992993,1.0,0.0,0.1795
0.930930930931,1.0,0.0,0.1795
0.931931931932,1.0,0.0,0.1795
0.932932932933,1.0,0.0,0.1795
0.933933933934,1.0,0.0,0.1795
0.934934934935,1.0,0.0,0.1795
0.935935935936,1.0,0.0,0.1795
0.936936936937,1.0,0.0,0.1795
0.937937937938,1.0,0.0,0.1795
0.938938938939,1.0,0.0,0.1795
0.93993993994,1.0,0.0,0.1795
0.940940940941,1.0,0.0,0.1795
0.941941941942,1.0,0.0,0.1795
0.942942942943,1.0,0.0,0.1795
0.943943943944,1.0,0.0,0.1795
0.944944944945,1.0,0.0,0.1795
0.945945945946,1.0,0.0,0.1795
0.946946946947,1.0,0.0,0.1795
0.947947947948,1.0,0.0,0.1795
0.948948948949,1.0,0.0,0.1795
0.94994994995,1.0,0.0,0.1795
0.950950950951,1.0,0.0,0.1795
0.951951951952,1.0,0.0,0.1795
0.952952952953,1.0,0.0,0.1795
0.953953953954,1.0,0.0,0.1795
0.954954954955,1.0,0.0,0.1795
0.955955955956,1.0,0.0,0.1795
0.956956956957,1.0,0.0,0.1795
0.957957957958,1.0,0.0,0.1795
0.958958958959,1.0,0.0,0.1795
0.95995995996,1.0,0.0,0.1795
0.960960960961,1.0,0.0,0.1795
0.961961961962,1.0,0.0,0.1795
0.962962962963,1.0,0.0,0.1795
0.963963963964,1.0,0.0,0.1795
0.964964964965,1.0,0.0,0.1795
0.965965965966,1.0,0.0,0.1795
0.966966966967,1.0,0.0,0.1795
0.967967967968,1.0,0.0,0.1795
0.968968968969,1.0,0.0,0.1795
0.96996996997,1.0,0.0,0.1795
0.970970970971,1.0,0.0,0.1795
0.971971971972,1.0,0.0,0.1795
0.972972972973,1.0,0.0,0.1795
0.973973973974,1.0,0.0,0.1795
0.974974974975,1.0,0.0,0.1795
0.975975975976,1.0,0.0,0.1795
0.976976976977,1.0,0.0,0.1795
0.977977977978,1.0,0.0,0.1795
0.978978978979,1.0,0.0,0.1795
0.97997997998,1.0,0.0,0.1795
0.980980980981,1.0,0.0,0.1795
0.981981981982,1.0,0.0,0.1795
0.982982982983,1.0,0.0,0.1795
0.983983983984,1.0,0.0,0.1795
0.984984984985,1.0,0.0,0.1795
0.985985985986,1.0,0.0,0.1795
0.986986986987,1.0,0.0,0.1795
0.987987987988,1.0,0.0,0.1795
0.988988988989,1.0,0.0,0.1795
0.98998998999,1.0,0.0,0.1795
0.990990990991,1.0,0.0,0.1795
0.991991991992,1.0,0.0,0.1795
0.992992992993,1.0,0.0,0.1795
0.993993993994,1.0,0.0,0.1795
0.994994994995,1.0,0.0,0.1795
0.995995995996,1.0,0.0,0.1795
0.996996996997,1.0,0.0,0.1795
0.997997997998,1.0,0.0,0.1795
0.998998998999,1.0,0.0,0.1795
1.0,1.0,0.0,0.1795
